new_split,new_image,image_sha256,label_sha256,representative_source,all_recovered_copies,copy_count,instances,width,height,source_group
self_train,self_train/images/self_video__1frame_000009__034251c369a06b60.jpg,034251c369a06b605d1aa76e0dd1adef7a78a8cbdcf59e56683b5cad054d280a,587eda09dd32cddf497aa4c1064741a72b4bdd95955dcd2d9233cef27acd0006,/home/b520/Downloads/yuheping/DetectDataset/train/images/1frame_000009.jpg,/home/b520/Downloads/yuheping/DetectDataset/train/images/1frame_000009.jpg|/home/b520/Downloads/yuheping/DetectDataset/train/images/frame_000009.jpg,2,1,1280,720,self_collected:original_vedio
self_test,self_test/images/self_video__aa_22_00-00__07ec8b6c77d56f60.jpeg,07ec8b6c77d56f604878050a99efcd2fb81c5272b1b003cfc0b4012950514946,f262d66e71c9c3b0ef5ab408c40579ba648bd96484f528e486cf70f4b9cd00c6,/home/b520/Downloads/yuheping/DetectDataset/train/images/aa_22_00-00.jpeg,/home/b520/Downloads/yuheping/DetectDataset/train/images/aa_22_00-00.jpeg,1,1,1280,720,self_collected:original_vedio
self_test,self_test/images/self_video__aa_24_00-02__0d6b67be42038c8c.jpeg,0d6b67be42038c8cd2113d12b715cf6768c7601dc96c32cdce1e5affb9d1dffc,c5f70e82478bfec4f83bf2b886f6c79bc0908dc137a7256c80481682c534d579,/home/b520/Downloads/yuheping/DetectDataset/train/images/aa_24_00-02.jpeg,/home/b520/Downloads/yuheping/DetectDataset/train/images/aa_24_00-02.jpeg,1,1,1280,720,self_collected:original_vedio
self_test,self_test/images/self_video__aa_17_00-36__150e60967b0fc442.jpeg,150e60967b0fc442c330511483ffa20d9169cffe6621e06c6874654b89e168f4,46b5d3ab4bb6fd1adcbbcbd48fd43f533e79ef8005a271213de172f55547a83f,/home/b520/Downloads/yuheping/DetectDataset/train/images/aa_17_00-36.jpeg,/home/b520/Downloads/yuheping/DetectDataset/train/images/aa_17_00-36.jpeg,1,1,1280,720,self_collected:original_vedio
self_train,self_train/images/self_video__1frame_000034__1859dffa1ea74fa2.jpg,1859dffa1ea74fa2904d13caca5d59826ba519b53ba5b21e3d01095dea46f284,e822eacc73d532f40d1e1b2ebec2ad363ceb4f82150bd37d72693b9b0167ce38,/home/b520/Downloads/yuheping/DetectDataset/train/images/1frame_000034.jpg,/home/b520/Downloads/yuheping/DetectDataset/train/images/1frame_000034.jpg|/home/b520/Downloads/yuheping/DetectDataset/train/images/frame_000034.jpg|/home/b520/Downloads/yuheping/DetectDataset/valid/images/1frame_000034.jpg,3,1,1280,720,self_collected:original_vedio
self_train,self_train/images/self_video__1frame_000030__3e27930e1e79fec9.jpg,3e27930e1e79fec977537a53fc5a333888e5376b3183a6a2c564160499b86034,34231113a8a7ef574595974ffa5435e88e77023f6e306057ccea9f157a849de8,/home/b520/Downloads/yuheping/DetectDataset/train/images/1frame_000030.jpg,/home/b520/Downloads/yuheping/DetectDataset/train/images/1frame_000030.jpg|/home/b520/Downloads/yuheping/DetectDataset/train/images/frame_000030.jpg,2,1,1280,720,self_collected:original_vedio
self_test,self_test/images/self_video__aa_16_00-31__43d289539e365bb3.jpeg,43d289539e365bb32d620856a2fd7eeaa6ef0769879a28abe2e59b6da73ea9e3,074f470aee9e6e6b1de5c63872590cbaa91df39b7a15ee0b5fac6e292b4dd27d,/home/b520/Downloads/yuheping/DetectDataset/train/images/aa_16_00-31.jpeg,/home/b520/Downloads/yuheping/DetectDataset/train/images/aa_16_00-31.jpeg,1,1,1280,720,self_collected:original_vedio
self_train,self_train/images/self_video__1frame_000014__4a4b8ece533f4997.jpg,4a4b8ece533f49972ef56db3b552941bb165d4f884775ae7b50ab5a118df05d4,bbc18e542176427d75661cb490f1a828037bf3d872ae8e39ba1bd0d0d23cf105,/home/b520/Downloads/yuheping/DetectDataset/train/images/1frame_000014.jpg,/home/b520/Downloads/yuheping/DetectDataset/train/images/1frame_000014.jpg|/home/b520/Downloads/yuheping/DetectDataset/train/images/frame_000014.jpg|/home/b520/Downloads/yuheping/DetectDataset/valid/images/1frame_000014.jpg,3,1,1280,720,self_collected:original_vedio
self_train,self_train/images/self_video__1frame_000010__4ec9a25067ff8f9c.jpg,4ec9a25067ff8f9cf0ee39cc6766c4cdbbeeef4978dd208cb72d162cef7bbde4,464a2ec2ce669161ed3169cb0dde43dae354243c3e0e732ec0ba0da74ba44c67,/home/b520/Downloads/yuheping/DetectDataset/train/images/1frame_000010.jpg,/home/b520/Downloads/yuheping/DetectDataset/train/images/1frame_000010.jpg|/home/b520/Downloads/yuheping/DetectDataset/train/images/frame_000010.jpg|/home/b520/Downloads/yuheping/DetectDataset/valid/images/1frame_000010.jpg,3,1,1280,720,self_collected:original_vedio
self_train,self_train/images/self_video__1frame_000000__4f83bbc3cbd3c1e8.jpg,4f83bbc3cbd3c1e83bbb7507118777c98d8dfa235d596d458e99ff0bf34292ef,0dcec061224fb0ad132a7882cdc149fcf46db02a1bc405423c678337e74ea7bd,/home/b520/Downloads/yuheping/DetectDataset/train/images/1frame_000000.jpg,/home/b520/Downloads/yuheping/DetectDataset/train/images/1frame_000000.jpg|/home/b520/Downloads/yuheping/DetectDataset/train/images/frame_000000.jpg,2,1,1280,720,self_collected:original_vedio
self_train,self_train/images/self_video__1frame_000015__500515e96a6d02e0.jpg,500515e96a6d02e02f921d7851aee24cda49bc03bd8c192cb9e718206519cdb8,a5a48f8bec2b59d3391e67ac88008cc25a2bd49a8e2d31af321e49934865d9f9,/home/b520/Downloads/yuheping/DetectDataset/train/images/1frame_000015.jpg,/home/b520/Downloads/yuheping/DetectDataset/train/images/1frame_000015.jpg|/home/b520/Downloads/yuheping/DetectDataset/train/images/frame_000015.jpg,2,1,1280,720,self_collected:original_vedio
self_train,self_train/images/self_video__1frame_000012__60fa908016a3a690.jpg,60fa908016a3a690ef961cd94aa942323a5eaec0709758e90f8d90f5dba5c3c8,cb48dcff008e5606adc05d629f5b4c4f136ee2c2f9dfa0897e38a25c005434d3,/home/b520/Downloads/yuheping/DetectDataset/train/images/1frame_000012.jpg,/home/b520/Downloads/yuheping/DetectDataset/train/images/1frame_000012.jpg|/home/b520/Downloads/yuheping/DetectDataset/train/images/frame_000012.jpg|/home/b520/Downloads/yuheping/DetectDataset/valid/images/1frame_000012.jpg,3,1,1280,720,self_collected:original_vedio
self_train,self_train/images/self_video__1frame_000024__68a97b4248e93a25.jpg,68a97b4248e93a25024c7d015a3f0da40254441579ad93079f2648b79377f65f,1e73b335515c08b48b2e72610867ebe921d171fbf01aa14fd7cb9d40017e47fe,/home/b520/Downloads/yuheping/DetectDataset/train/images/1frame_000024.jpg,/home/b520/Downloads/yuheping/DetectDataset/train/images/1frame_000024.jpg|/home/b520/Downloads/yuheping/DetectDataset/train/images/frame_000024.jpg,2,1,1280,720,self_collected:original_vedio
self_test,self_test/images/self_video__aa_12_00-24__6d9aa355150556c6.jpeg,6d9aa355150556c6db8a2aa388752fc97b885ab5605fc819147c2fad6099772d,8b1d5a0bc2a341cec724fb72dae61990356d3feec9ce0410ec0d1547c541e505,/home/b520/Downloads/yuheping/DetectDataset/train/images/aa_12_00-24.jpeg,/home/b520/Downloads/yuheping/DetectDataset/train/images/aa_12_00-24.jpeg,1,1,1280,720,self_collected:original_vedio
self_train,self_train/images/self_video__1frame_000016__726cdb343454b1a5.jpg,726cdb343454b1a55110365eb871d7b4b2912bbf7647f39053c9fe2a99e60fdc,d5d672a5a9252923557556d6331edaf70208535684433ca73339a13734fb4018,/home/b520/Downloads/yuheping/DetectDataset/train/images/1frame_000016.jpg,/home/b520/Downloads/yuheping/DetectDataset/train/images/1frame_000016.jpg|/home/b520/Downloads/yuheping/DetectDataset/train/images/frame_000016.jpg|/home/b520/Downloads/yuheping/DetectDataset/valid/images/1frame_000016.jpg,3,1,1280,720,self_collected:original_vedio
self_train,self_train/images/self_video__1frame_000022__72df4811db75402a.jpg,72df4811db75402a56968f257d1f8a03ae43d916e0518c2d50e8613491b3248c,63ac67ae77859de8bcf2aba73f8e884ed45c8101463c16f65989ff0839047d39,/home/b520/Downloads/yuheping/DetectDataset/train/images/1frame_000022.jpg,/home/b520/Downloads/yuheping/DetectDataset/train/images/1frame_000022.jpg|/home/b520/Downloads/yuheping/DetectDataset/train/images/frame_000022.jpg|/home/b520/Downloads/yuheping/DetectDataset/valid/images/1frame_000022.jpg,3,1,1280,720,self_collected:original_vedio
self_train,self_train/images/self_video__1frame_000027__74e8e4912800c435.jpg,74e8e4912800c435b60f0dfe00195982e0a86d2cb8073462dfcd7cdb791e8d91,ae8da74341642dbdeb79f4413ddc61faead3a895f85c301eea10d71af4434182,/home/b520/Downloads/yuheping/DetectDataset/train/images/1frame_000027.jpg,/home/b520/Downloads/yuheping/DetectDataset/train/images/1frame_000027.jpg|/home/b520/Downloads/yuheping/DetectDataset/train/images/frame_000027.jpg,2,1,1280,720,self_collected:original_vedio
self_train,self_train/images/self_video__1frame_000023__76190843dd24c0f8.jpg,76190843dd24c0f83f7aa03185e39b04e4b1ca07303cb8b1d340fcdd48f485b7,218d093b54f1a8d206a704abbe564433692c6a0c0939ef644c0bf3fc98a6bd78,/home/b520/Downloads/yuheping/DetectDataset/train/images/1frame_000023.jpg,/home/b520/Downloads/yuheping/DetectDataset/train/images/1frame_000023.jpg|/home/b520/Downloads/yuheping/DetectDataset/train/images/frame_000023.jpg,2,1,1280,720,self_collected:original_vedio
self_train,self_train/images/self_video__1frame_000026__79e26a2f8b2585b5.jpg,79e26a2f8b2585b567643115149f0b39c5e16fd15b1b3a763d3dc4ee3cc04181,adf2170669bde816015db7e5c117b064785ee869734ba2411ed2c5f442333134,/home/b520/Downloads/yuheping/DetectDataset/train/images/1frame_000026.jpg,/home/b520/Downloads/yuheping/DetectDataset/train/images/1frame_000026.jpg|/home/b520/Downloads/yuheping/DetectDataset/train/images/frame_000026.jpg,2,1,1280,720,self_collected:original_vedio
self_train,self_train/images/self_video__1frame_000029__7bb2bd922bbedfcf.jpg,7bb2bd922bbedfcf2f0b63ca3247bb3861e2224fcb20f29d537036ef40563e56,37cd157441476f388d5608be00cbb0633a3f7e588e6ae0aa69c0d16a42b95c54,/home/b520/Downloads/yuheping/DetectDataset/train/images/1frame_000029.jpg,/home/b520/Downloads/yuheping/DetectDataset/train/images/1frame_000029.jpg|/home/b520/Downloads/yuheping/DetectDataset/train/images/frame_000029.jpg,2,1,1280,720,self_collected:original_vedio
self_train,self_train/images/self_video__1frame_000018__844a47de56fca9af.jpg,844a47de56fca9afb4a5dc370993144a30b70d212d6b410ec21af2d186d472ba,7083a85ba181ef68ab6c2ed13b8570a7a767a9687b7fa14021c5b16fb04d1ea8,/home/b520/Downloads/yuheping/DetectDataset/train/images/1frame_000018.jpg,/home/b520/Downloads/yuheping/DetectDataset/train/images/1frame_000018.jpg|/home/b520/Downloads/yuheping/DetectDataset/train/images/frame_000018.jpg|/home/b520/Downloads/yuheping/DetectDataset/valid/images/1frame_000018.jpg,3,1,1280,720,self_collected:original_vedio
self_train,self_train/images/self_video__1frame_000004__9104a6c7acd0e2b0.jpg,9104a6c7acd0e2b07809fbecb26fa9b13344975340e44cf002ac287ab95b2e05,bd02e712654d257d309690e5b734df5be8a06aacb1f7c2f2b2b8d2b59fcf77c5,/home/b520/Downloads/yuheping/DetectDataset/train/images/1frame_000004.jpg,/home/b520/Downloads/yuheping/DetectDataset/train/images/1frame_000004.jpg|/home/b520/Downloads/yuheping/DetectDataset/train/images/frame_000004.jpg|/home/b520/Downloads/yuheping/DetectDataset/valid/images/1frame_000004.jpg,3,1,1280,720,self_collected:original_vedio
self_test,self_test/images/self_video__aa_14_00-29__94c3a913509b6312.jpeg,94c3a913509b6312f432c5270335440cdd7f7ac994021836a0337c89fb3713ca,c5bb5362a125b90201af91ba76c1cd2196e436fe72fdf6f4775fcf9e496b24d7,/home/b520/Downloads/yuheping/DetectDataset/train/images/aa_14_00-29.jpeg,/home/b520/Downloads/yuheping/DetectDataset/train/images/aa_14_00-29.jpeg,1,1,1280,720,self_collected:original_vedio
self_train,self_train/images/self_video__1frame_000031__963f487bc35322e3.jpg,963f487bc35322e3723955361480d86cf4b2acb6781d0e7193f3aa674890402c,6efbaac98ed351108d7b1729fbbee4ee9984f771ba2df62c04164d2e5d039330,/home/b520/Downloads/yuheping/DetectDataset/train/images/1frame_000031.jpg,/home/b520/Downloads/yuheping/DetectDataset/train/images/1frame_000031.jpg|/home/b520/Downloads/yuheping/DetectDataset/train/images/frame_000031.jpg|/home/b520/Downloads/yuheping/DetectDataset/valid/images/1frame_000031.jpg,3,1,1280,720,self_collected:original_vedio
self_train,self_train/images/self_video__1frame_000006__98ba4784d50dd571.jpg,98ba4784d50dd57147f34d7273ab31bb6468685369caf16f768402eccd65db10,972fcbcaea387fa59a7e71d0f353da183c02a919f8ad9984be721ed9a7909326,/home/b520/Downloads/yuheping/DetectDataset/train/images/1frame_000006.jpg,/home/b520/Downloads/yuheping/DetectDataset/train/images/1frame_000006.jpg|/home/b520/Downloads/yuheping/DetectDataset/train/images/frame_000006.jpg|/home/b520/Downloads/yuheping/DetectDataset/valid/images/1frame_000006.jpg,3,1,1280,720,self_collected:original_vedio
self_test,self_test/images/self_video__aa_11_00-23__9b230e94dbc64df5.jpeg,9b230e94dbc64df57b479311a875e6127bb20ff212289a20691c11c29d838c8d,46810a880ef65c7f19048fc11d37b410091cb8801c97d02e41bc0b1811191a9e,/home/b520/Downloads/yuheping/DetectDataset/train/images/aa_11_00-23.jpeg,/home/b520/Downloads/yuheping/DetectDataset/train/images/aa_11_00-23.jpeg,1,1,1280,720,self_collected:original_vedio
self_test,self_test/images/self_video__aa_19_00-42__9cf2dc43a8225794.jpeg,9cf2dc43a82257944b56918a3f6708fec14d132d19c7a690e10611e8417f63a8,6e8ccf3690348554407b7d00958755f18312192684fd58b9649a2389159ea54d,/home/b520/Downloads/yuheping/DetectDataset/train/images/aa_19_00-42.jpeg,/home/b520/Downloads/yuheping/DetectDataset/train/images/aa_19_00-42.jpeg,1,1,1280,720,self_collected:original_vedio
self_train,self_train/images/self_video__1frame_000011__9eed3deb8a48f65f.jpg,9eed3deb8a48f65fb9602547cff0e507e6f20580a6b01d515f26dc35e915efe5,e241e66f6cd0fb3c320f7a8710424aa3afa6a625dad9176d6970edc393a078ea,/home/b520/Downloads/yuheping/DetectDataset/train/images/1frame_000011.jpg,/home/b520/Downloads/yuheping/DetectDataset/train/images/1frame_000011.jpg|/home/b520/Downloads/yuheping/DetectDataset/train/images/frame_000011.jpg,2,1,1280,720,self_collected:original_vedio
self_train,self_train/images/self_video__1frame_000032__a5c0646fcdd2d100.jpg,a5c0646fcdd2d100b73f843b0f648f15db62a29934963f915bde53ed6f32e93c,f8bfba07bbd0e1b549394d01cc75d792944a4b046815e65fb8de86904b98cccb,/home/b520/Downloads/yuheping/DetectDataset/train/images/1frame_000032.jpg,/home/b520/Downloads/yuheping/DetectDataset/train/images/1frame_000032.jpg|/home/b520/Downloads/yuheping/DetectDataset/train/images/frame_000032.jpg,2,1,1280,720,self_collected:original_vedio
self_test,self_test/images/self_video__aa_20_00-43__ab20f6e7db4cb5ea.jpeg,ab20f6e7db4cb5ea44811bf603087cbb4eee251328c5c70830dad59f8be4ae58,286f068a089c398d8cb945b3ad98dfe7c3dbdc22d5921305bedb20245af4751c,/home/b520/Downloads/yuheping/DetectDataset/train/images/aa_20_00-43.jpeg,/home/b520/Downloads/yuheping/DetectDataset/train/images/aa_20_00-43.jpeg,1,1,1280,720,self_collected:original_vedio
self_train,self_train/images/self_video__1frame_000017__b1547602b72b0270.jpg,b1547602b72b0270cca4aba090d8790b2206454d013a91134d2c769afda4d935,3bf12f6d84a1fb3c8c63d212e39cf32414d20d7f60b02c5a22c19c333c896374,/home/b520/Downloads/yuheping/DetectDataset/train/images/1frame_000017.jpg,/home/b520/Downloads/yuheping/DetectDataset/train/images/1frame_000017.jpg|/home/b520/Downloads/yuheping/DetectDataset/train/images/frame_000017.jpg,2,1,1280,720,self_collected:original_vedio
self_train,self_train/images/self_video__1frame_000035__b4209c306829b784.jpg,b4209c306829b784a1c083f9b74126570706bb0405d88dac30b5f24a18d08cc4,fd5ea44ba07b85eaa786fc932bb2ed103f588da43d66f93d87feeac841040586,/home/b520/Downloads/yuheping/DetectDataset/train/images/1frame_000035.jpg,/home/b520/Downloads/yuheping/DetectDataset/train/images/1frame_000035.jpg|/home/b520/Downloads/yuheping/DetectDataset/train/images/frame_000035.jpg|/home/b520/Downloads/yuheping/DetectDataset/valid/images/1frame_000035.jpg,3,1,1280,720,self_collected:original_vedio
self_train,self_train/images/self_video__1frame_000020__b720174a624e5f96.jpg,b720174a624e5f963a1f2951b58fb5b64fe191e195d7e3243596f9347219a538,19821ea5a166a13b850485e288140b226c3a667932836867d37b67e83bbac413,/home/b520/Downloads/yuheping/DetectDataset/train/images/1frame_000020.jpg,/home/b520/Downloads/yuheping/DetectDataset/train/images/1frame_000020.jpg|/home/b520/Downloads/yuheping/DetectDataset/train/images/frame_000020.jpg|/home/b520/Downloads/yuheping/DetectDataset/valid/images/1frame_000020.jpg,3,1,1280,720,self_collected:original_vedio
self_train,self_train/images/self_video__1frame_000003__bb87dce59155e0fd.jpg,bb87dce59155e0fdc5ad9dee220e6ff5b8bce072782ffca02ce4da03ca4adf96,5e9bf8686b5f36a2681727bcb88913f9d0eb9fbe719faca279191c0c3bfd0e80,/home/b520/Downloads/yuheping/DetectDataset/train/images/1frame_000003.jpg,/home/b520/Downloads/yuheping/DetectDataset/train/images/1frame_000003.jpg|/home/b520/Downloads/yuheping/DetectDataset/train/images/frame_000003.jpg,2,1,1280,720,self_collected:original_vedio
self_test,self_test/images/self_video__aa_21_00-43__bead6f5edb4fd52e.jpeg,bead6f5edb4fd52ef081f7e0e345c493eb513eacc1d8a799ea1033267a525971,61846722245e0cdb3ac18ff912bda33a853f6f650f313aae0f3ddcb0441a2343,/home/b520/Downloads/yuheping/DetectDataset/train/images/aa_21_00-43.jpeg,/home/b520/Downloads/yuheping/DetectDataset/train/images/aa_21_00-43.jpeg,1,1,1280,720,self_collected:original_vedio
self_test,self_test/images/self_video__aa_18_00-40__c04b5431f4c07632.jpeg,c04b5431f4c076329018ee7b1a6414cc16b52fb8c433053f0f6c2a5b1b52e7b0,7b9000e66d51e88e9fba145e9429fca5d3e8e7209bdf743dadf8df50348bb0e3,/home/b520/Downloads/yuheping/DetectDataset/train/images/aa_18_00-40.jpeg,/home/b520/Downloads/yuheping/DetectDataset/train/images/aa_18_00-40.jpeg,1,1,1280,720,self_collected:original_vedio
self_train,self_train/images/self_video__1frame_000005__d3a1a36de3e44d19.jpg,d3a1a36de3e44d1948c3022dbd1c3ae3dd9c7c38b790ff7d832ab9cba72776e0,0388257ca13c774778fabfb26e359672bea21259a236504d359153318fcb1e62,/home/b520/Downloads/yuheping/DetectDataset/train/images/1frame_000005.jpg,/home/b520/Downloads/yuheping/DetectDataset/train/images/1frame_000005.jpg|/home/b520/Downloads/yuheping/DetectDataset/train/images/frame_000005.jpg,2,1,1280,720,self_collected:original_vedio
self_test,self_test/images/self_video__aa_15_00-30__d747dcaf342d70fd.jpeg,d747dcaf342d70fdb26b46fe99d896848f2a2e4754aae31558a7f18f3cdca9d6,b69dfa40ab3f59146de5b546bfda29e214a26aa69bc100d50f18eee145844af6,/home/b520/Downloads/yuheping/DetectDataset/train/images/aa_15_00-30.jpeg,/home/b520/Downloads/yuheping/DetectDataset/train/images/aa_15_00-30.jpeg,1,1,1280,720,self_collected:original_vedio
self_train,self_train/images/self_video__1frame_000028__dc238a1087a1920b.jpg,dc238a1087a1920b1463d209fde38d6379eb2437c2effa5ca92b31f674d140ac,469053358a9fb2d53eb7b6aff2b92614745f4c10b3a6997e17bfb15692cf288c,/home/b520/Downloads/yuheping/DetectDataset/train/images/1frame_000028.jpg,/home/b520/Downloads/yuheping/DetectDataset/train/images/1frame_000028.jpg|/home/b520/Downloads/yuheping/DetectDataset/train/images/frame_000028.jpg|/home/b520/Downloads/yuheping/DetectDataset/valid/images/1frame_000028.jpg,3,1,1280,720,self_collected:original_vedio
self_test,self_test/images/self_video__aa_1_00-00__e250a08ec028016b.jpeg,e250a08ec028016b98e52cf70818b76a33ad69e83d2bff08555ab3d213481994,cd22bd34028974dcf030242598538c1f56f820cb0dbb168397108e6f67d1231b,/home/b520/Downloads/yuheping/DetectDataset/train/images/aa_1_00-00.jpeg,/home/b520/Downloads/yuheping/DetectDataset/train/images/aa_1_00-00.jpeg,1,1,1280,720,self_collected:original_vedio
self_train,self_train/images/self_video__1frame_000013__e2dc22aa36c94bda.jpg,e2dc22aa36c94bdaec3e2a16ee5a2c9d609f3c2e67c7f83eb273e534f9524342,5db6955f50e4a68aee3bb943b9aa1662e7389525c167dce86711e07fc27ba2c4,/home/b520/Downloads/yuheping/DetectDataset/train/images/1frame_000013.jpg,/home/b520/Downloads/yuheping/DetectDataset/train/images/1frame_000013.jpg|/home/b520/Downloads/yuheping/DetectDataset/train/images/frame_000013.jpg,2,1,1280,720,self_collected:original_vedio
self_test,self_test/images/self_video__aa_10_00-20__e7ba4a57acf9a8e2.jpeg,e7ba4a57acf9a8e29dd177a5fecb0e9ccaf163d2f4101e51d33976bb88a40ffe,a248188510101f665277f35e0d11745fa8e88dfd6dd30bd9fa2144dbe4cbcf9b,/home/b520/Downloads/yuheping/DetectDataset/train/images/aa_10_00-20.jpeg,/home/b520/Downloads/yuheping/DetectDataset/train/images/aa_10_00-20.jpeg,1,1,1280,720,self_collected:original_vedio
self_test,self_test/images/self_video__aa_13_00-26__e98ac3ab93a8054e.jpeg,e98ac3ab93a8054e75e4ba8b78f01df7e80211832b09a6610b4a3241c2f47c26,d6d6a4b5e4654e951cb71ed82da95d7c0431a5c06cb1951d29010816f72cf910,/home/b520/Downloads/yuheping/DetectDataset/train/images/aa_13_00-26.jpeg,/home/b520/Downloads/yuheping/DetectDataset/train/images/aa_13_00-26.jpeg,1,1,1280,720,self_collected:original_vedio
self_train,self_train/images/self_video__1frame_000007__e9d4241fb5ed3931.jpg,e9d4241fb5ed393178aa38580bb5e251304e9db39798142a646796b4fb5e77cf,d2125d095ee509b46bc09eb9f8d6eb6f49b3e7d4d91444e5e260f23bff1f6e5c,/home/b520/Downloads/yuheping/DetectDataset/train/images/1frame_000007.jpg,/home/b520/Downloads/yuheping/DetectDataset/train/images/1frame_000007.jpg|/home/b520/Downloads/yuheping/DetectDataset/train/images/frame_000007.jpg,2,1,1280,720,self_collected:original_vedio
self_train,self_train/images/self_video__1frame_000033__eb65102cc48a64d0.jpg,eb65102cc48a64d0f1624787fc92dd87e81436cc207fc7366ba73e8b2524e758,2b24818fe993826fcc128dec69db58f260cd929e08816ddc5697eee7b4af8edd,/home/b520/Downloads/yuheping/DetectDataset/train/images/1frame_000033.jpg,/home/b520/Downloads/yuheping/DetectDataset/train/images/1frame_000033.jpg|/home/b520/Downloads/yuheping/DetectDataset/train/images/frame_000033.jpg,2,1,1280,720,self_collected:original_vedio
self_train,self_train/images/self_video__1frame_000021__f0e1b182e56d7343.jpg,f0e1b182e56d73435bd77923d20e9232da739a72b4d0f8a6090a46b92696d2d5,a587c03a42513f7d990ca7ede6f6ac8eca3f4539d3e450ac53b8d00b95e924f5,/home/b520/Downloads/yuheping/DetectDataset/train/images/1frame_000021.jpg,/home/b520/Downloads/yuheping/DetectDataset/train/images/1frame_000021.jpg|/home/b520/Downloads/yuheping/DetectDataset/train/images/frame_000021.jpg,2,1,1280,720,self_collected:original_vedio
self_train,self_train/images/self_video__1frame_000001__f2d27380882c4023.jpg,f2d27380882c402305f99a5fb7f7803523d2e34966558f5c625d4b75784e206c,733acfc82c49ae79abf62d46c010ecf2ce38c30542eb850049ce92cc27fd0049,/home/b520/Downloads/yuheping/DetectDataset/train/images/1frame_000001.jpg,/home/b520/Downloads/yuheping/DetectDataset/train/images/1frame_000001.jpg|/home/b520/Downloads/yuheping/DetectDataset/train/images/frame_000001.jpg,2,1,1280,720,self_collected:original_vedio
self_train,self_train/images/self_video__1frame_000008__f42e2e2a5e1a6c04.jpg,f42e2e2a5e1a6c04d7f45164e7e88882d7e3228ed75b6e01fd419f83cf70f1e2,0bd96a31fe96c48980bf70b81b596cc28d53f5f5c059b53b99e2d9b676307936,/home/b520/Downloads/yuheping/DetectDataset/train/images/1frame_000008.jpg,/home/b520/Downloads/yuheping/DetectDataset/train/images/1frame_000008.jpg|/home/b520/Downloads/yuheping/DetectDataset/train/images/frame_000008.jpg|/home/b520/Downloads/yuheping/DetectDataset/valid/images/1frame_000008.jpg,3,1,1280,720,self_collected:original_vedio
self_train,self_train/images/self_video__1frame_000019__f8ae0db1f9301262.jpg,f8ae0db1f9301262e947146fd75619bb3109cd51b31325a6cfe89f17b60af5ca,3ce69e6e4721504273c465cac6f1a572c22687c8717725aa9a122c561296d078,/home/b520/Downloads/yuheping/DetectDataset/train/images/1frame_000019.jpg,/home/b520/Downloads/yuheping/DetectDataset/train/images/1frame_000019.jpg|/home/b520/Downloads/yuheping/DetectDataset/train/images/frame_000019.jpg,2,1,1280,720,self_collected:original_vedio
self_train,self_train/images/self_video__1frame_000002__fef4204680e3ea70.jpg,fef4204680e3ea706f3b24e825ef6d06e9bfa517a632def20b1a492746b67ff8,2185d0badb4af89e0719ba371aafea1d8c45c566a2d044c76011603264e82e90,/home/b520/Downloads/yuheping/DetectDataset/train/images/1frame_000002.jpg,/home/b520/Downloads/yuheping/DetectDataset/train/images/1frame_000002.jpg|/home/b520/Downloads/yuheping/DetectDataset/train/images/frame_000002.jpg|/home/b520/Downloads/yuheping/DetectDataset/valid/images/1frame_000002.jpg,3,1,1280,720,self_collected:original_vedio
self_test,self_test/images/self_video__aa_23_00-01__fef5903e5cf66d48.jpeg,fef5903e5cf66d487f4e616b49151499ba359d109733a89243f169f8cef117e7,aa97767a9c0c6d86a6167957a8746551aa07ce7e776acd22b6a637d7064d7948,/home/b520/Downloads/yuheping/DetectDataset/train/images/aa_23_00-01.jpeg,/home/b520/Downloads/yuheping/DetectDataset/train/images/aa_23_00-01.jpeg,1,1,1280,720,self_collected:original_vedio
self_train,self_train/images/self_video__1frame_000025__ff7a0040b5903a3d.jpg,ff7a0040b5903a3db78fc81e0fb64e7b6296aabaf9b4da946a69aee0326b4c97,b98dbe711e77f239ca39834735d5b9f0816c32f80781203a0f825612c5ef62a5,/home/b520/Downloads/yuheping/DetectDataset/train/images/1frame_000025.jpg,/home/b520/Downloads/yuheping/DetectDataset/train/images/1frame_000025.jpg|/home/b520/Downloads/yuheping/DetectDataset/train/images/frame_000025.jpg|/home/b520/Downloads/yuheping/DetectDataset/valid/images/1frame_000025.jpg,3,1,1280,720,self_collected:original_vedio
