model,metric_family,metric,value_percent,instances
YOLO11n,iou_curve,AP@0.50,93.60575793,
YOLO11n,iou_curve,AP@0.55,92.46130421,
YOLO11n,iou_curve,AP@0.60,89.10283117,
YOLO11n,iou_curve,AP@0.65,83.24263046,
YOLO11n,iou_curve,AP@0.70,73.05120589,
YOLO11n,iou_curve,AP@0.75,60.53331857,
YOLO11n,iou_curve,AP@0.80,44.12772685,
YOLO11n,iou_curve,AP@0.85,22.97244005,
YOLO11n,iou_curve,AP@0.90,4.71560840,
YOLO11n,iou_curve,AP@0.95,0.05351887,
+P2,iou_curve,AP@0.50,95.70234710,
+P2,iou_curve,AP@0.55,93.93033558,
+P2,iou_curve,AP@0.60,89.88047941,
+P2,iou_curve,AP@0.65,85.22331287,
+P2,iou_curve,AP@0.70,76.96247800,
+P2,iou_curve,AP@0.75,59.55924962,
+P2,iou_curve,AP@0.80,41.15286102,
+P2,iou_curve,AP@0.85,21.72533317,
+P2,iou_curve,AP@0.90,3.55862405,
+P2,iou_curve,AP@0.95,0.52342000,
+P2+MSEF,iou_curve,AP@0.50,94.78823543,
+P2+MSEF,iou_curve,AP@0.55,92.55597543,
+P2+MSEF,iou_curve,AP@0.60,90.04784305,
+P2+MSEF,iou_curve,AP@0.65,84.12847735,
+P2+MSEF,iou_curve,AP@0.70,76.43696107,
+P2+MSEF,iou_curve,AP@0.75,62.36645101,
+P2+MSEF,iou_curve,AP@0.80,41.86352807,
+P2+MSEF,iou_curve,AP@0.85,21.72496530,
+P2+MSEF,iou_curve,AP@0.90,5.44074929,
+P2+MSEF,iou_curve,AP@0.95,0.11428344,
+P2+ADown,iou_curve,AP@0.50,95.07398528,
+P2+ADown,iou_curve,AP@0.55,93.26264428,
+P2+ADown,iou_curve,AP@0.60,89.86423695,
+P2+ADown,iou_curve,AP@0.65,85.04201036,
+P2+ADown,iou_curve,AP@0.70,77.62232888,
+P2+ADown,iou_curve,AP@0.75,64.16976602,
+P2+ADown,iou_curve,AP@0.80,43.59961152,
+P2+ADown,iou_curve,AP@0.85,23.00250870,
+P2+ADown,iou_curve,AP@0.90,6.73527221,
+P2+ADown,iou_curve,AP@0.95,0.20016292,
+P2+MSEF+ADown,iou_curve,AP@0.50,94.38012958,
+P2+MSEF+ADown,iou_curve,AP@0.55,93.48537057,
+P2+MSEF+ADown,iou_curve,AP@0.60,90.28693996,
+P2+MSEF+ADown,iou_curve,AP@0.65,84.40053035,
+P2+MSEF+ADown,iou_curve,AP@0.70,78.53407905,
+P2+MSEF+ADown,iou_curve,AP@0.75,62.69409128,
+P2+MSEF+ADown,iou_curve,AP@0.80,43.84622005,
+P2+MSEF+ADown,iou_curve,AP@0.85,20.56116240,
+P2+MSEF+ADown,iou_curve,AP@0.90,5.87253658,
+P2+MSEF+ADown,iou_curve,AP@0.95,1.11792412,
YOLO11n,size,tiny_lt16,18.11881188,9
YOLO11n,size,small_16_32,36.61152317,127
YOLO11n,size,medium_32_96,54.81861139,243
YOLO11n,size,large_ge96,63.99828635,322
YOLO11n,complexity,parameters_m,2.590035,
YOLO11n,complexity,gflops,6.4,
+P2,size,tiny_lt16,19.41829251,9
+P2,size,small_16_32,39.02379755,127
+P2,size,medium_32_96,55.32137466,243
+P2,size,large_ge96,62.37898674,322
+P2,complexity,parameters_m,2.903812,
+P2,complexity,gflops,10.8,
+P2+MSEF,size,tiny_lt16,14.57076296,9
+P2+MSEF,size,small_16_32,38.74849711,127
+P2+MSEF,size,medium_32_96,55.91689354,243
+P2+MSEF,size,large_ge96,63.57386604,322
+P2+MSEF,complexity,parameters_m,2.920468,
+P2+MSEF,complexity,gflops,11.7,
+P2+ADown,size,tiny_lt16,14.51634328,9
+P2+ADown,size,small_16_32,40.96305251,127
+P2+ADown,size,medium_32_96,55.49279637,243
+P2+ADown,size,large_ge96,64.57664133,322
+P2+ADown,complexity,parameters_m,2.278148,
+P2+ADown,complexity,gflops,9.5,
+P2+MSEF+ADown,size,tiny_lt16,14.27834748,9
+P2+MSEF+ADown,size,small_16_32,38.12613907,127
+P2+MSEF+ADown,size,medium_32_96,55.53433328,243
+P2+MSEF+ADown,size,large_ge96,64.33021512,322
+P2+MSEF+ADown,complexity,parameters_m,2.294804,
+P2+MSEF+ADown,complexity,gflops,10.3,
