experiment,factor,source,model_yaml,bbox_loss_mode,epochs_observed,best_epoch,precision,recall,map50,map50_95,delta_map50_95_pp,parameters,best_weight,decision_accuracy_only
p2_msef_paper_ciou_s0,Direct parent: P2+MSEFPaper,reused_stage1_parent,/home/b520/Downloads/yelin/yolo11/reproduction/ablation/models/p2_msef_paper.yaml,ciou,60,59,0.89596,0.89197,0.94182,0.56642,0.0,2920468,/home/b520/Downloads/yelin/yolo11/runs/ablation_screen_v1/p2_msef_paper_ciou_s0/weights/best.pt,parent
msefbase_adown_ciou_s0,ADown,new_secondary_screen,/home/b520/Downloads/yelin/yolo11/reproduction/ablation/models/p2_msef_paper_adown.yaml,ciou,60,56,0.9082,0.88105,0.94377,0.57516,0.873999999999997,2294804,/home/b520/Downloads/yelin/yolo11/runs/ablation_secondary_v1/msefbase_adown_ciou_s0/weights/best.pt,advance
msefbase_author_bilinear_ciou_s0,Uploaded static bilinear upsampling,new_secondary_screen,/home/b520/Downloads/yelin/yolo11/reproduction/ablation/models/p2_msef_paper_author_bilinear.yaml,ciou,60,60,0.8951,0.88439,0.94292,0.56178,-0.46400000000000885,2920468,/home/b520/Downloads/yelin/yolo11/runs/ablation_secondary_v1/msefbase_author_bilinear_ciou_s0/weights/best.pt,do_not_advance
msefbase_official_dysample_ciou_s0,Reference DySampleOfficial,new_secondary_screen,/home/b520/Downloads/yelin/yolo11/reproduction/ablation/models/p2_msef_paper_official_dysample.yaml,ciou,60,60,0.91653,0.89489,0.93784,0.55707,-0.935000000000008,2934900,/home/b520/Downloads/yelin/yolo11/runs/ablation_secondary_v1/msefbase_official_dysample_ciou_s0/weights/best.pt,do_not_advance
msefbase_author_elan_ciou_s0,Uploaded ordinary-Conv ELAN,new_secondary_screen,/home/b520/Downloads/yelin/yolo11/reproduction/ablation/models/p2_msef_paper_rep.yaml,ciou,60,56,0.86998,0.89635,0.93557,0.55404,-1.2380000000000058,3218388,/home/b520/Downloads/yelin/yolo11/runs/ablation_secondary_v1/msefbase_author_elan_ciou_s0/weights/best.pt,do_not_advance
msefbase_official_rep_ciou_s0,RepNCSPELAN4Official,new_secondary_screen,/home/b520/Downloads/yelin/yolo11/reproduction/ablation/models/p2_msef_paper_rep_official.yaml,ciou,60,60,0.89705,0.87775,0.94078,0.55572,-1.0700000000000043,3174228,/home/b520/Downloads/yelin/yolo11/runs/ablation_secondary_v1/msefbase_official_rep_ciou_s0/weights/best.pt,do_not_advance
msefbase_ema_ciou_s0,EMA after P2 MSEFPaper,new_secondary_screen,/home/b520/Downloads/yelin/yolo11/reproduction/ablation/models/p2_msef_paper_ema.yaml,ciou,60,59,0.8967,0.87443,0.93114,0.54564,-2.078000000000002,2920516,/home/b520/Downloads/yelin/yolo11/runs/ablation_secondary_v1/msefbase_ema_ciou_s0/weights/best.pt,do_not_advance
msefbase_p5_msef_paper_ciou_s0,MSEFPaper at P5,new_secondary_screen,/home/b520/Downloads/yelin/yolo11/reproduction/ablation/models/p2_msef_paper_p5.yaml,ciou,60,56,0.89935,0.87007,0.93923,0.54971,-1.6710000000000003,3362324,/home/b520/Downloads/yelin/yolo11/runs/ablation_secondary_v1/msefbase_p5_msef_paper_ciou_s0/weights/best.pt,do_not_advance
msefbase_no_c2psa_ciou_s0,Remove C2PSA,new_secondary_screen,/home/b520/Downloads/yelin/yolo11/reproduction/ablation/models/p2_msef_paper_no_c2psa.yaml,ciou,60,57,0.88716,0.8838,0.94135,0.55392,-1.2500000000000067,2670740,/home/b520/Downloads/yelin/yolo11/runs/ablation_secondary_v1/msefbase_no_c2psa_ciou_s0/weights/best.pt,do_not_advance
msefbase_author_power_iou_s0,Uploaded power-IoU loss,new_secondary_screen,/home/b520/Downloads/yelin/yolo11/reproduction/ablation/models/p2_msef_paper.yaml,author_focal,60,59,0.89436,0.87153,0.93305,0.55522,-1.1199999999999988,2920468,/home/b520/Downloads/yelin/yolo11/runs/ablation_secondary_v1/msefbase_author_power_iou_s0/weights/best.pt,do_not_advance
msefbase_focaler_ciou_s0,Reference Focaler-CIoU,new_secondary_screen,/home/b520/Downloads/yelin/yolo11/reproduction/ablation/models/p2_msef_paper.yaml,focaler_ciou,60,59,0.89583,0.90389,0.93619,0.55702,-0.9400000000000075,2920468,/home/b520/Downloads/yelin/yolo11/runs/ablation_secondary_v1/msefbase_focaler_ciou_s0/weights/best.pt,do_not_advance
