model,condition,images,instances,AP50_95_percent,AP50_percent,AP75_percent,AP_tiny_lt16_percent,AP_small_16_32_percent,AP_medium_32_96_percent,AP_large_ge96_percent
P2_standard,clean,625,685,54.45468681612724,94.0201201659522,57.94925740117458,18.880566628091376,38.42842689866415,53.48726245583241,59.91641302174381
P2_standard,light,625,685,53.42132501203437,93.58095828207337,56.166344561284134,17.02318057892746,37.797174783318376,52.57677774224355,58.95505930998497
P2_standard,moderate,625,685,48.655848382050316,88.92007965575534,48.112915143871774,15.416291629162915,29.446271826200025,48.91152020453956,54.78494279100845
P2_standard,strong,625,685,42.516806049611084,82.17107638646182,38.18706280066334,12.71287128712871,21.993581093776633,43.59916542691701,50.59058291345585
P2_blur_train,clean,625,685,53.59164561454964,93.8240627856081,54.30273297460345,17.877353911861775,39.59903385284597,53.29979029330716,58.68521117844489
P2_blur_train,light,625,685,53.353510370681356,93.21850997395912,53.71636521242282,13.63473112017084,39.297010130161134,54.01926792184395,58.008775940658765
P2_blur_train,moderate,625,685,51.53197328097055,92.14752634256381,52.01091763693023,17.039895165987186,36.94228640512689,52.818483892930246,56.08189789457646
P2_blur_train,strong,625,685,48.09799151006038,89.75135058656161,47.54806221863954,15.003536067892503,32.90324255568363,49.8934318936643,53.282655377972276
P2_MSEF_standard,clean,625,685,55.488824463170275,94.20207290723091,59.860423296594554,21.196278968556193,38.126323831538336,54.98349034286104,60.89381281765054
P2_MSEF_standard,light,625,685,54.84219790717296,93.40551314546539,58.95785503381067,20.261487687230257,36.01963476689214,53.656978584325486,61.24406946656742
P2_MSEF_standard,moderate,625,685,50.210183150705504,89.3108918291453,52.98068205436252,16.83168316831683,30.23086471620785,48.59561669130005,57.82270195982251
P2_MSEF_standard,strong,625,685,42.734465785846986,80.97586241060093,40.051788138065334,19.834983498349835,21.15044665032877,40.432076944784164,52.78974472082973
P2_MSEF_blur_train,clean,625,685,54.37897644178386,94.01735315171197,59.319397283217434,15.31987814166032,39.836599125069014,52.92088557718404,60.65827934461352
P2_MSEF_blur_train,light,625,685,54.58237167635448,93.98411058424855,57.65763357665112,16.567347911261713,38.98042030039725,53.51907978091719,61.05504160400643
P2_MSEF_blur_train,moderate,625,685,53.26005573803641,93.02484320718877,55.157971454883636,30.29231494578029,36.099675101631604,53.01141223279085,58.91839150816137
P2_MSEF_blur_train,strong,625,685,49.665932693645274,90.95524050824363,49.282656959305044,22.475247524752476,30.24694477107042,50.17123868465393,55.99725283417535
