cell,msef,adown,label,seed,role,source,best_epoch,precision,recall,map50,map50_95,parameters,training_time_s,model_yaml,best_weight
00,False,False,P2,0,discovery,reused_seed0,59,0.88964,0.90511,0.93691,0.55457,2903812,2740.48,/home/b520/Downloads/yelin/yolo11/reproduction/ablation/models/p2_nearest.yaml,/home/b520/Downloads/yelin/yolo11/runs/ablation_screen_v1/p2_nearest_ciou_s0/weights/best.pt
10,True,False,P2+MSEFPaper,0,discovery,reused_seed0,59,0.89596,0.89197,0.94182,0.56642,2920468,2511.24,/home/b520/Downloads/yelin/yolo11/reproduction/ablation/models/p2_msef_paper.yaml,/home/b520/Downloads/yelin/yolo11/runs/ablation_screen_v1/p2_msef_paper_ciou_s0/weights/best.pt
01,False,True,P2+ADown,0,discovery,reused_seed0,59,0.90594,0.89635,0.94099,0.55555,2278148,2436.51,/home/b520/Downloads/yelin/yolo11/reproduction/ablation/models/p2_adown.yaml,/home/b520/Downloads/yelin/yolo11/runs/ablation_screen_v1/p2_adown_ciou_s0/weights/best.pt
11,True,True,P2+MSEFPaper+ADown,0,discovery,reused_seed0,56,0.9082,0.88105,0.94377,0.57516,2294804,2737.12,/home/b520/Downloads/yelin/yolo11/reproduction/ablation/models/p2_msef_paper_adown.yaml,/home/b520/Downloads/yelin/yolo11/runs/ablation_secondary_v1/msefbase_adown_ciou_s0/weights/best.pt
00,False,False,P2,1,held_out_replication,new_replication,57,0.89591,0.89211,0.93742,0.55979,2903812,1698.34,/home/b520/Downloads/yelin/yolo11/reproduction/ablation/models/p2_nearest.yaml,/home/b520/Downloads/yelin/yolo11/runs/ablation_interaction_confirm_v1/cell_00_s1/weights/best.pt
10,True,False,P2+MSEFPaper,1,held_out_replication,new_replication,59,0.90265,0.88759,0.93984,0.56149,2920468,1929.31,/home/b520/Downloads/yelin/yolo11/reproduction/ablation/models/p2_msef_paper.yaml,/home/b520/Downloads/yelin/yolo11/runs/ablation_interaction_confirm_v1/cell_10_s1/weights/best.pt
01,False,True,P2+ADown,1,held_out_replication,new_replication,59,0.90265,0.89337,0.94528,0.56799,2278148,1775.06,/home/b520/Downloads/yelin/yolo11/reproduction/ablation/models/p2_adown.yaml,/home/b520/Downloads/yelin/yolo11/runs/ablation_interaction_confirm_v1/cell_01_s1/weights/best.pt
11,True,True,P2+MSEFPaper+ADown,1,held_out_replication,new_replication,57,0.88577,0.91095,0.94054,0.56268,2294804,1480.59,/home/b520/Downloads/yelin/yolo11/reproduction/ablation/models/p2_msef_paper_adown.yaml,/home/b520/Downloads/yelin/yolo11/runs/ablation_interaction_confirm_v1/cell_11_s1/weights/best.pt
00,False,False,P2,2,held_out_replication,new_replication,60,0.91357,0.88029,0.93443,0.54859,2903812,1714.22,/home/b520/Downloads/yelin/yolo11/reproduction/ablation/models/p2_nearest.yaml,/home/b520/Downloads/yelin/yolo11/runs/ablation_interaction_confirm_v1/cell_00_s2/weights/best.pt
10,True,False,P2+MSEFPaper,2,held_out_replication,new_replication,56,0.92498,0.88204,0.93559,0.56047,2920468,1921.09,/home/b520/Downloads/yelin/yolo11/reproduction/ablation/models/p2_msef_paper.yaml,/home/b520/Downloads/yelin/yolo11/runs/ablation_interaction_confirm_v1/cell_10_s2/weights/best.pt
01,False,True,P2+ADown,2,held_out_replication,new_replication,57,0.91025,0.87737,0.9389,0.55453,2278148,1803.5,/home/b520/Downloads/yelin/yolo11/reproduction/ablation/models/p2_adown.yaml,/home/b520/Downloads/yelin/yolo11/runs/ablation_interaction_confirm_v1/cell_01_s2/weights/best.pt
11,True,True,P2+MSEFPaper+ADown,2,held_out_replication,new_replication,56,0.90795,0.90718,0.94495,0.56468,2294804,1979.37,/home/b520/Downloads/yelin/yolo11/reproduction/ablation/models/p2_msef_paper_adown.yaml,/home/b520/Downloads/yelin/yolo11/runs/ablation_interaction_confirm_v1/cell_11_s2/weights/best.pt
