experiment,source,model_yaml,bbox_loss_mode,epochs_observed,best_epoch,precision,recall,map50,map50_95,training_time_s_at_end,parameters,best_weight
yolo11n_ciou_s0,new_screen,/home/b520/Downloads/yelin/yolo11/ultralytics/cfg/models/11/yolo11.yaml,ciou,60,57,0.90625,0.88613,0.92954,0.55116,2127.85,2590035,/home/b520/Downloads/yelin/yolo11/runs/ablation_screen_v1/yolo11n_ciou_s0/weights/best.pt
full_meda_author_focal_s0,new_screen,/home/b520/Downloads/yelin/yolo11/reproduction/dut/models/meda_pro_w025.yaml,author_focal,60,60,0.89077,0.89489,0.94255,0.55464,1312.4,2844348,/home/b520/Downloads/yelin/yolo11/runs/ablation_screen_v1/full_meda_author_focal_s0/weights/best.pt
p2_nearest_ciou_s0,new_screen,/home/b520/Downloads/yelin/yolo11/reproduction/ablation/models/p2_nearest.yaml,ciou,60,59,0.88964,0.90511,0.93691,0.55457,2740.48,2903812,/home/b520/Downloads/yelin/yolo11/runs/ablation_screen_v1/p2_nearest_ciou_s0/weights/best.pt
p2_no_c2psa_ciou_s0,new_screen,/home/b520/Downloads/yelin/yolo11/reproduction/ablation/models/p2_no_c2psa.yaml,ciou,60,60,0.89394,0.88905,0.93159,0.55299,2655.09,2654084,/home/b520/Downloads/yelin/yolo11/runs/ablation_screen_v1/p2_no_c2psa_ciou_s0/weights/best.pt
p2_adown_ciou_s0,new_screen,/home/b520/Downloads/yelin/yolo11/reproduction/ablation/models/p2_adown.yaml,ciou,60,59,0.90594,0.89635,0.94099,0.55555,2436.51,2278148,/home/b520/Downloads/yelin/yolo11/runs/ablation_screen_v1/p2_adown_ciou_s0/weights/best.pt
p2_author_bilinear_ciou_s0,new_screen,/home/b520/Downloads/yelin/yolo11/reproduction/ablation/models/p2_author_bilinear.yaml,ciou,60,56,0.89404,0.88467,0.93718,0.5505,3035.63,2903812,/home/b520/Downloads/yelin/yolo11/runs/ablation_screen_v1/p2_author_bilinear_ciou_s0/weights/best.pt
p2_official_dysample_ciou_s0,new_screen,/home/b520/Downloads/yelin/yolo11/reproduction/ablation/models/p2_official_dysample.yaml,ciou,60,56,0.88989,0.90849,0.94432,0.56123,2834.84,2918244,/home/b520/Downloads/yelin/yolo11/runs/ablation_screen_v1/p2_official_dysample_ciou_s0/weights/best.pt
p2_rep_ciou_s0,new_screen,/home/b520/Downloads/yelin/yolo11/reproduction/ablation/models/p2_rep.yaml,ciou,60,59,0.9056,0.8823,0.94617,0.56444,2426.37,3201732,/home/b520/Downloads/yelin/yolo11/runs/ablation_screen_v1/p2_rep_ciou_s0/weights/best.pt
p2_rep_official_ciou_s0,new_screen,/home/b520/Downloads/yelin/yolo11/reproduction/ablation/models/p2_rep_official.yaml,ciou,60,56,0.90365,0.89,0.93646,0.5539,2133.93,3157572,/home/b520/Downloads/yelin/yolo11/runs/ablation_screen_v1/p2_rep_official_ciou_s0/weights/best.pt
p2_msef_author_ciou_s0,new_screen,/home/b520/Downloads/yelin/yolo11/reproduction/ablation/models/p2_msef_author.yaml,ciou,60,56,0.89867,0.88321,0.9387,0.55409,2592.33,2923380,/home/b520/Downloads/yelin/yolo11/runs/ablation_screen_v1/p2_msef_author_ciou_s0/weights/best.pt
p2_msef_paper_ciou_s0,new_screen,/home/b520/Downloads/yelin/yolo11/reproduction/ablation/models/p2_msef_paper.yaml,ciou,60,59,0.89596,0.89197,0.94182,0.56642,2511.24,2920468,/home/b520/Downloads/yelin/yolo11/runs/ablation_screen_v1/p2_msef_paper_ciou_s0/weights/best.pt
p2_msef_author_ema_ciou_s0,new_screen,/home/b520/Downloads/yelin/yolo11/reproduction/ablation/models/p2_msef_author_ema.yaml,ciou,60,59,0.89614,0.87007,0.93613,0.54654,3473.1,2923428,/home/b520/Downloads/yelin/yolo11/runs/ablation_screen_v1/p2_msef_author_ema_ciou_s0/weights/best.pt
p2_p5_msef_author_ciou_s0,new_screen,/home/b520/Downloads/yelin/yolo11/reproduction/ablation/models/p2_p5_msef_author.yaml,ciou,60,57,0.90173,0.89749,0.9359,0.55302,2451.97,3461124,/home/b520/Downloads/yelin/yolo11/runs/ablation_screen_v1/p2_p5_msef_author_ciou_s0/weights/best.pt
p2_nearest_author_focal_s0,new_screen,/home/b520/Downloads/yelin/yolo11/reproduction/ablation/models/p2_nearest.yaml,author_focal,60,58,0.90923,0.87741,0.93953,0.55937,2547.34,2903812,/home/b520/Downloads/yelin/yolo11/runs/ablation_screen_v1/p2_nearest_author_focal_s0/weights/best.pt
p2_nearest_focaler_ciou_s0,new_screen,/home/b520/Downloads/yelin/yolo11/reproduction/ablation/models/p2_nearest.yaml,focaler_ciou,60,59,0.91825,0.89343,0.94155,0.55523,2509.44,2903812,/home/b520/Downloads/yelin/yolo11/runs/ablation_screen_v1/p2_nearest_focaler_ciou_s0/weights/best.pt
