model,condition,seeds,AP50_95_percent_mean,AP50_95_percent_sample_sd,AP50_percent_mean,AP50_percent_sample_sd,AP75_percent_mean,AP75_percent_sample_sd,AP_tiny_lt16_percent_mean,AP_tiny_lt16_percent_sample_sd,AP_small_16_32_percent_mean,AP_small_16_32_percent_sample_sd,AP_medium_32_96_percent_mean,AP_medium_32_96_percent_sample_sd,AP_large_ge96_percent_mean,AP_large_ge96_percent_sample_sd
P2_standard,clean,3,54.8672640835226,0.3840504080129099,94.0758494263026,0.26241453297361095,58.20101847712004,0.22497820847500788,19.326715930475544,2.1348441080085276,37.66706007823836,0.7643337846438909,54.22253284710512,0.7041463860326607,60.53168115853777,0.5384307618232816
P2_standard,light,3,54.000015319692075,0.6383652085027033,93.35321950975512,0.23240619153942113,57.04681791176491,0.8822202097435135,15.028383659458811,1.7351470404993563,36.49643374928646,1.990498124403455,53.49043371708269,0.902398514081027,59.815248913644844,0.8236715231762597
P2_standard,moderate,3,49.71546193190026,1.0432905206467067,89.88296768857214,0.8540580340180156,51.035297931112815,2.56977562700144,18.49931913463083,5.888190355065568,30.016459934919187,1.7600807313046867,49.79563751029696,0.8159582664909608,56.11811133704308,1.3282085797321737
P2_standard,strong,3,43.709585598932094,1.215938934645957,83.75419673320712,1.3918634556234681,41.39132428974179,3.161800852041983,15.676909707777499,3.354119391543514,23.304591877145665,1.2065876794421329,43.920266372192735,0.42596267597040144,51.769811550642515,1.3534157000768439
P2_blur_train,clean,3,53.81168227054852,0.6436819135027182,93.75724815071686,0.4849617400839693,55.982017064119795,1.5304923067627483,17.69553457294335,0.4053620676554111,39.18664507667534,0.5317682018312597,53.192127431136214,0.7125077432868528,59.271626372918746,0.7406746582884497
P2_blur_train,light,3,53.67614717442547,0.5081315651221059,93.32126572175018,0.33131777982734173,55.24434207721371,1.329178734045128,13.771035366842005,0.5977759026975389,38.53107195761138,1.113552299508094,53.45895450292175,0.6555332110018683,58.9827116893947,0.9967597666643608
P2_blur_train,moderate,3,52.107126545628525,0.5115211655224272,92.45716977416735,0.27093960012466844,52.76863558346496,0.7257435817747775,18.710189506345593,4.698659912365552,35.65846453117716,1.7980201854914524,52.2021054051668,0.5891107992514882,57.60248440612832,1.3718081018749162
P2_blur_train,strong,3,48.65406529831332,0.7939687406094322,90.09419981550076,0.3118625904260627,47.82091586935056,1.183459723385343,15.516348429714766,1.1083799888624406,30.909756784125346,3.284482940338726,48.7034301168531,1.3434685850878383,54.79260575306235,1.3156282509958224
P2_MSEF_standard,clean,3,54.98767967073803,0.45390033503280935,94.021358406957,0.39751837522580136,58.65679742390002,1.0552170806303272,21.875827105430385,1.8269444292658679,38.9591595831715,1.537621949676933,54.72036740461557,0.6806289827861066,60.2735465554853,0.555976637774394
P2_MSEF_standard,light,3,54.14594915147563,0.6078500998137928,93.09462617764788,0.6228801941603975,57.505635485755356,1.4689071505848559,18.314689161223814,2.4417680313562853,36.671797875230084,1.3326864023838725,53.753641259925125,0.09009330063377587,59.922178140954124,1.1482017159928526
P2_MSEF_standard,moderate,3,49.6741933288149,0.5434931686291519,89.32023179132501,0.11463038857295829,50.91304922030153,2.199336608576664,18.17134042596806,1.607629667045848,30.168589333961833,0.3547746032066068,49.04503479620191,0.3966897343468639,56.52271868978011,1.2362516053645392
P2_MSEF_standard,strong,3,42.46932399531562,0.5385275432125037,81.18939956487269,1.4392138278319826,39.69205104922609,0.40574559800702004,18.63146314631463,1.0654768495049334,21.406355654387546,0.7885805017017741,41.7892107143039,1.2175707221785366,51.52669579628735,1.1296929503173538
P2_MSEF_blur_train,clean,3,53.954134248768625,0.38938325269488794,93.66136966047338,0.3232634876604391,57.053965236171,1.9636602865801533,16.032993301484854,0.6641987401232948,38.429544866173444,1.231610442970732,53.47133567295354,1.0544033284783256,59.995500022719085,0.7275829661691129
P2_MSEF_blur_train,light,3,54.37350208628748,0.2967873284942529,93.54373950167746,0.38441334215861955,56.417873485811754,1.2212142372421744,15.341614138740557,1.8770992679623775,38.148640521819296,0.7207584521250219,54.14875217125088,0.8425991887736816,60.41929655373555,1.1043019868437274
P2_MSEF_blur_train,moderate,3,53.07917115136243,0.4936132216564751,92.29344629606169,0.657426706967043,55.17613724339445,0.13005073010198345,19.298726091096505,9.602750626849415,35.211972049588645,0.8771099625338374,53.20816442074758,0.29197448451605174,59.1029445684171,1.0906313034221862
P2_MSEF_blur_train,strong,3,49.48950131276206,0.3530239759812785,89.8823813870435,1.0111205893069168,49.84230889327399,0.5260809851843984,15.771485939802771,5.812700890133356,30.16778846435291,0.3688644648151094,50.1809834650882,0.6690407554736766,55.892876901338276,0.8710490989344203
