seed,condition,AP50_95_blur_effect_P2_pp,AP50_95_blur_effect_MSEF_pp,AP50_95_MSEF_effect_standard_pp,AP50_95_MSEF_effect_blur_train_pp,AP50_95_interaction_pp,AP75_blur_effect_P2_pp,AP75_blur_effect_MSEF_pp,AP75_MSEF_effect_standard_pp,AP75_MSEF_effect_blur_train_pp,AP75_interaction_pp
0,clean,-0.8630412015776017,-1.1098480213864121,1.034137647043032,0.7873308272342214,-0.24680681980881047,-3.6465244265711263,-0.5410260133771203,1.9111658954199768,5.016664308613983,3.105498413194006
0,light,-0.06781464135301718,-0.2598262308184829,1.4208728951385865,1.2288613056731208,-0.1920115894654657,-2.449979348861312,-1.3002214571595445,2.7915104725265323,3.9412683642283,1.1497578917017677
0,moderate,2.8761248989202315,3.0498725873309027,1.5543347686551883,1.7280824570658595,0.17374768841067123,3.8980024930584563,2.1772894005211185,4.867766910490744,3.147053817953406,-1.7207130925373377
0,strong,5.581185460449298,6.9314669077982884,0.21765973623590185,1.5679411835848924,1.3502814473489906,9.360999417976196,9.23086882123971,1.8647253374019925,1.7345947406655071,-0.13013059673648542
1,clean,-1.907498820588458,-1.255787392013417,-0.3443501941938081,0.30736123438123286,0.6517114285750409,-1.9266406808298413,-2.2152763786759664,-0.052285258446140404,-0.3409209562922655,-0.2886356978461251
1,light,-1.2717173933878385,0.7834121110856742,-0.9638212115472484,1.0913082929262643,2.0551295044735127,-1.7972198267493908,0.3593049101842638,-1.9101837367278875,0.2463410002057671,2.1565247369336547
1,moderate,1.76949540820749,3.7679241738767146,-1.052723428108898,0.9457053375603266,1.9984287656692246,0.5154674433854112,6.45390079943035,-4.33980568701589,1.5986276690290495,5.938433356044939
1,strong,4.615918317996787,6.8956566419379755,-2.1235568909012414,0.15618143303994714,2.2797383239411886,4.608090979802142,10.554588590425638,-4.7367534816995445,1.2097441289239512,5.946497610623496
2,clean,-0.3962054167561817,-0.7350008525083851,-0.3285406912029316,-0.667336126955135,-0.3387954357522034,-1.0838391315997526,-2.052194171133955,-0.49154379663389136,-1.4598988361680938,-0.9683550395342024
2,light,0.3679275989410584,0.15907292416837748,-0.01925018824068303,-0.22810486301336397,-0.20885467477268094,-1.160228328042912,-2.3223694528555257,0.4951259861726882,-0.6670151386399255,-1.1621411248126137
2,moderate,2.529373534057072,3.397136706434985,-0.6254171498023666,0.24234602257554627,0.8677631723779129,0.7865430206125765,4.158073869327282,-0.8947073559087073,2.4768234928059982,3.3715308487147055
2,strong,4.636335319697601,7.233408402603061,-1.8148876561840765,0.7821854267213837,2.5970730829054602,5.319684341047974,10.665316120478344,-2.225791577249538,3.119840202180832,5.34563177943037
