seed,model,condition,images,instances,AP50_95_percent,AP50_percent,AP75_percent,AP_tiny_lt16_percent,AP_small_16_32_percent,AP_medium_32_96_percent,AP_large_ge96_percent
0,P2_standard,clean,625,685,54.45468681612724,94.0201201659522,57.94925740117458,18.880566628091376,38.42842689866415,53.48726245583241,59.91641302174381
0,P2_standard,light,625,685,53.42132501203437,93.58095828207337,56.166344561284134,17.02318057892746,37.797174783318376,52.57677774224355,58.95505930998497
0,P2_standard,moderate,625,685,48.655848382050316,88.92007965575534,48.112915143871774,15.416291629162915,29.446271826200025,48.91152020453956,54.78494279100845
0,P2_standard,strong,625,685,42.516806049611084,82.17107638646182,38.18706280066334,12.71287128712871,21.993581093776633,43.59916542691701,50.59058291345585
0,P2_blur_train,clean,625,685,53.59164561454964,93.8240627856081,54.30273297460345,17.877353911861775,39.59903385284597,53.29979029330716,58.68521117844489
0,P2_blur_train,light,625,685,53.353510370681356,93.21850997395912,53.71636521242282,13.63473112017084,39.297010130161134,54.01926792184395,58.008775940658765
0,P2_blur_train,moderate,625,685,51.53197328097055,92.14752634256381,52.01091763693023,17.039895165987186,36.94228640512689,52.818483892930246,56.08189789457646
0,P2_blur_train,strong,625,685,48.09799151006038,89.75135058656161,47.54806221863954,15.003536067892503,32.90324255568363,49.8934318936643,53.282655377972276
0,P2_MSEF_standard,clean,625,685,55.488824463170275,94.20207290723091,59.860423296594554,21.196278968556193,38.126323831538336,54.98349034286104,60.89381281765054
0,P2_MSEF_standard,light,625,685,54.84219790717296,93.40551314546539,58.95785503381067,20.261487687230257,36.01963476689214,53.656978584325486,61.24406946656742
0,P2_MSEF_standard,moderate,625,685,50.210183150705504,89.3108918291453,52.98068205436252,16.83168316831683,30.23086471620785,48.59561669130005,57.82270195982251
0,P2_MSEF_standard,strong,625,685,42.734465785846986,80.97586241060093,40.051788138065334,19.834983498349835,21.15044665032877,40.432076944784164,52.78974472082973
0,P2_MSEF_blur_train,clean,625,685,54.37897644178386,94.01735315171197,59.319397283217434,15.31987814166032,39.836599125069014,52.92088557718404,60.65827934461352
0,P2_MSEF_blur_train,light,625,685,54.58237167635448,93.98411058424855,57.65763357665112,16.567347911261713,38.98042030039725,53.51907978091719,61.05504160400643
0,P2_MSEF_blur_train,moderate,625,685,53.26005573803641,93.02484320718877,55.157971454883636,30.29231494578029,36.099675101631604,53.01141223279085,58.91839150816137
0,P2_MSEF_blur_train,strong,625,685,49.665932693645274,90.95524050824363,49.282656959305044,22.475247524752476,30.24694477107042,50.17123868465393,55.99725283417535
1,P2_standard,clean,625,685,55.21437073707682,93.8457759354655,58.271424112950335,17.450201939698605,37.6729598517183,54.890759495965135,60.76191028418457
1,P2_standard,light,625,685,54.68476948365344,93.11641141304032,57.93077466520749,13.86873788938478,37.48714133980922,54.38113685698993,60.59675538632266
1,P2_standard,moderate,625,685,50.74162488357946,90.17988500592486,52.942029341744835,25.288879353230293,31.990946874671767,50.51972512427743,57.4413037520843
1,P2_standard,strong,625,685,44.947430908161536,84.30579575370108,44.50888100085938,19.317857836203785,24.368498875828905,44.403485155216266,53.24756939544299
1,P2_blur_train,clean,625,685,53.30687191648836,93.2423434368416,56.344783432120494,17.97815495835298,39.37444186037591,52.431915213699924,59.02568012921753
1,P2_blur_train,light,625,685,53.4130520902656,93.05350034653704,56.133554838458096,14.425192519251922,39.04253160556474,52.73804792657671,58.93853278513982
1,P2_blur_train,moderate,625,685,52.51112029178695,92.65070809963862,53.457496785130246,24.015794436586518,36.42960972699068,52.14313434613834,57.97843411241427
1,P2_blur_train,strong,625,685,49.56334922615832,90.36101352771809,49.116971980661525,14.757238086446007,32.7071754978823,48.97030489668948,55.69220145572311
1,P2_MSEF_standard,clean,625,685,54.87002054288301,94.29641538846029,58.219138854504195,23.945163747143944,38.017612172896605,55.23015650400841,60.106809187121044
1,P2_MSEF_standard,light,625,685,53.72094827210619,92.3774962098282,56.0205909284796,15.575019040365573,35.790789744582256,53.83527497269321,59.34966139344204
1,P2_MSEF_standard,moderate,625,685,49.688901455470564,89.43924642604698,48.602223654728945,19.954031117397452,29.78680031793759,49.193060926329814,56.38346246079008
1,P2_MSEF_standard,strong,625,685,42.823874017260295,82.72345152488386,39.77212751915984,18.25082508250825,22.291107450211946,42.149784812623196,51.17754824995651
1,P2_MSEF_blur_train,clean,625,685,53.614233150869595,93.58062038463237,56.00386247582823,16.634009554801633,37.547095916850495,52.80607154059395,60.11123411478809
1,P2_MSEF_blur_train,light,625,685,54.504360383191866,93.37180952852587,56.37989583866386,13.180624453422784,37.75723626650759,53.82124274016916,61.05868786445679
1,P2_MSEF_blur_train,moderate,625,685,53.45682562934728,92.10382678253514,55.056124454159296,12.549504950495049,34.34585359978397,53.069442366253426,60.27407779244229
1,P2_MSEF_blur_train,strong,625,685,49.71953065919827,89.74481875370566,50.326716109585476,12.132939667593133,30.490648861280224,49.51686832782406,56.707035159726985
2,P2_standard,clean,625,685,54.93273469736374,94.3616521774901,58.3823739172352,21.649379223636647,36.89979348433262,54.28957658951782,60.91672016968494
2,P2_standard,light,625,685,53.893951463388404,93.36228883415166,57.04333450880312,14.193232510064194,34.204985124731785,53.51338655201457,59.893932044626894
2,P2_standard,moderate,625,685,49.748912530070996,90.54893840403619,52.05094930772184,14.79278642149929,28.612161103885764,49.9556672020739,56.12808746803649
2,P2_standard,strong,625,685,43.664519839023654,84.78571805945847,41.478029067702636,15.0,23.551695661831452,43.75814853444493,51.47128234302871
2,P2_blur_train,clean,625,685,54.53652928060756,94.2053382297009,57.29853478563545,17.231094848615296,38.58645951680413,53.84467678640155,60.103987811093816
2,P2_blur_train,light,625,685,54.26187906232946,93.69178684475439,55.88310618076021,13.253182461103252,37.25367413710827,53.61954766034458,60.00082634238551
2,P2_blur_train,moderate,625,685,52.27828606412807,92.57327488029964,52.83749232833441,15.074878916463074,33.60349746141391,51.6446979764318,58.74712121139424
2,P2_blur_train,strong,625,685,48.300855158721255,90.17023533222256,46.79771340875061,16.78827113480579,27.118852298810104,47.24655356020552,55.40296042549166
2,P2_MSEF_standard,clean,625,685,54.60419400616081,93.56558692517982,57.89083012060131,20.48603860059102,40.73354274507956,53.94745536697726,59.8200176616843
2,P2_MSEF_standard,light,625,685,53.87470127514772,93.50086917765005,57.53846049497581,19.10756075607561,38.20496911421585,53.768670222756676,59.172803562852906
2,P2_MSEF_standard,moderate,625,685,49.12349538026863,89.21055711878275,51.15624195181313,17.7283069921899,30.488102967740055,49.346426770975874,55.36199164872776
2,P2_MSEF_standard,strong,625,685,41.84963218283958,79.86888475913328,39.2522374904531,17.808580858085808,20.77751286262192,42.78577038550433,50.612794418075815
2,P2_MSEF_blur_train,clean,625,685,53.869193153652425,93.38613544507581,55.83863594946735,16.14509220799261,37.90493955660082,54.68704990108264,59.21698660875565
2,P2_MSEF_blur_train,light,625,685,54.0337741993161,93.27529839225795,55.21609104212028,16.276870051537173,37.708264998553055,55.10593399266629,59.14416019274342
2,P2_MSEF_blur_train,moderate,625,685,52.520632086703614,91.75166889846118,55.31431582114041,15.054358377014172,35.19038744735036,53.54363866319846,58.11636440464765
2,P2_MSEF_blur_train,strong,625,685,49.08304058544264,88.94708489918119,49.91755361093144,12.706270627062704,29.76577176070808,50.8548433827866,54.9743427101125
